Id_classes;tsx_02202013_T11;tsx_03102013_T11;tsx_04152013_T11;tsx_05042013_T11;tsx_15052013_T11;tsx_06172013_T11;tsx_07202013_T11;tsx_09242013_T11;tsx_02202013_T22;tsx_03102013_T22;tsx_04152013_T22;tsx_05042013_T22;tsx_15052013_T22;tsx_06172013_T22;tsx_07202013_T22;tsx_09242013_T22
1.000000;-0.194975;-0.758027;-2.107860;-1.719530;-4.276470;2.000130;1.128300;-0.251624;-3.6753;-5.0365;-3.8539;-6.4708;-8.6073;-2.0237;-4.3985;-4.7922
1.000000;-0.652059;-1.889420;-2.998650;-3.873020;-3.166980;-0.861904;-3.767240;-5.812490;-1.3759;-5.4902;-6.0758;-9.8657;-5.7708;-7.0111;-9.3392;-8.7065
1.000000;2.199940;-2.527390;-3.087730;-2.183880;-2.860280;0.974581;1.740390;1.910110;-2.4462;-3.8038;-5.0845;-7.8907;-4.9165;-7.1874;-7.2440;-4.7864
1.000000;-0.221079;-1.937350;-2.835060;-3.658390;-2.276150;3.533070;1.487840;-2.121940;-3.3604;-5.5815;-9.3881;-9.1784;-3.8351;-0.3338;-3.6181;-8.7361
1.000000;-1.743790;-0.747825;-3.175480;-2.970120;-2.017660;1.641530;5.567990;-1.581190;-3.3215;-4.9503;-5.4121;-8.1228;-3.9121;-4.5380;-4.4508;-4.2588
1.000000;-2.739870;1.403660;-1.858920;-3.220240;-0.322744;2.653640;4.684650;1.385250;-6.1521;-5.9346;-3.7960;-7.2686;-4.3648;1.4863;-2.0121;-5.0076
1.000000;-1.171270;-2.184910;-1.978390;-4.683840;-3.268850;1.616550;-0.421126;3.728320;-4.9485;-4.7662;-6.8683;-8.2250;-6.4330;-2.4952;-7.7466;-5.0594
1.000000;-1.845490;-0.779928;-3.287720;-2.306130;-4.639200;1.363680;2.738900;-0.563252;-5.0707;-5.3816;-4.8322;-5.8042;-7.4419;-4.4895;-6.9977;-6.0512
1.000000;-6.965940;-1.216030;-0.887552;-2.115270;-1.452710;-0.490124;-1.255830;-2.255330;-8.6117;-3.7342;-6.0732;-7.5016;-5.5067;-5.9135;-6.4648;-5.6357
1.000000;-2.497570;0.013356;0.683213;-0.236091;-1.292300;1.622880;1.051960;-1.389060;-4.7632;-1.3513;-4.9351;-3.1282;-3.2478;-5.1447;-6.8308;-6.3145
1.000000;-4.351290;-3.313090;-6.259160;-7.062510;-7.027320;-11.224300;-13.149300;-7.572470;-2.9848;-5.4569;-7.7825;-8.6868;-10.2804;-12.2665;-12.4944;-14.4517
1.000000;-2.758960;-3.658330;-3.429670;-4.320250;-9.022660;-6.515460;-8.146030;-9.335430;-7.7287;-5.6501;-4.7813;-9.5346;-11.0778;-12.3871;-9.5257;-12.4792
1.000000;-7.063080;-3.700390;-4.960240;-8.006200;-7.412350;-8.785510;-12.842500;-8.911350;-9.7467;-6.4118;-7.4709;-9.3431;-9.6831;-9.3174;-12.7106;-11.5476
1.000000;0.553363;-4.880180;-2.402680;-5.105060;-4.898100;-6.369830;-6.813560;-6.788310;-5.6807;-6.8996;-7.8718;-9.4714;-12.6183;-11.8435;-12.1525;-11.1883
1.000000;-1.768200;-3.470830;-2.431500;-7.419490;-11.454000;-6.626510;-10.489600;-11.219800;-4.2352;-6.4505;-6.3792;-9.2728;-11.3122;-12.8682;-14.2752;-12.0121
1.000000;-8.858530;-7.040850;-8.177240;-11.111900;-13.764200;-13.995600;-13.274200;-15.928200;-9.0926;-10.6913;-10.1910;-13.8614;-14.2530;-15.7211;-15.3096;-15.0015
1.000000;-4.536360;-7.060650;-5.196340;-8.182010;-7.086040;-10.887900;-6.289450;-11.091800;-8.8530;-11.2197;-8.4148;-11.1227;-12.6993;-12.0767;-13.2405;-12.2057
1.000000;-1.961710;-2.105980;-3.154600;-5.600290;-9.902030;-10.817200;-9.257080;-10.375600;-7.0754;-7.8245;-4.3175;-8.2073;-12.5994;-12.6353;-12.1428;-13.1562
1.000000;0.957379;-4.631970;-2.419130;-6.340240;-8.104810;-8.146880;-8.250350;-9.486320;-1.0460;-7.5549;-6.5904;-10.7867;-10.8577;-10.9963;-12.4640;-12.4461
1.000000;-0.698671;-2.920490;-3.403100;-7.589850;-4.489280;-10.330300;-6.704140;-7.772290;-5.3583;-5.8070;-6.7077;-10.7358;-8.6792;-11.6886;-11.9266;-14.2386
1.000000;-1.069440;-8.042480;-7.922830;-10.334800;-11.726900;-12.184800;-14.696300;-15.347000;-2.8716;-11.9421;-9.8916;-14.1530;-15.9715;-15.2741;-15.3176;-16.7057
1.000000;-0.756453;-1.753220;-2.401360;-3.516230;-8.137050;-4.037140;-6.071300;-4.493580;-4.7589;-6.4250;-6.0114;-9.0950;-9.1560;-6.8594;-11.0616;-6.6512
1.000000;1.901050;-0.545872;-2.495580;-4.504820;-7.262870;-3.840650;-5.885340;-3.538140;0.2738;-4.6870;-4.4773;-7.6686;-12.3012;-8.9062;-8.8009;-10.8248
1.000000;0.710019;-2.801720;-2.459450;-1.221680;-9.834510;-9.065870;-10.353000;-7.582640;-1.7412;-3.6509;-6.4659;-5.8716;-10.7449;-10.9229;-14.3178;-9.5714
1.000000;-1.318160;-2.878340;-1.389730;-1.437650;-1.307030;-0.629243;-0.196619;-1.962700;-4.9386;-3.2270;-4.9466;-4.0113;-5.1852;-2.9162;-5.0836;-4.5111
1.000000;0.060630;-0.166874;-0.779013;-1.791200;-5.973100;-2.155600;-2.989730;-4.063060;-0.9102;-3.0381;-3.8414;-5.8449;-8.4050;-4.9091;-8.3599;-6.6123
1.000000;-0.604821;-1.098980;-3.121860;-2.236330;-3.401550;0.856258;-4.391210;-3.281280;-7.3232;-4.9515;-5.2726;-5.6000;-9.2922;-3.7425;-7.9675;-7.1756
1.000000;-2.406010;-2.991550;-3.257150;-7.926450;-9.213640;-7.566480;-10.248500;-10.354900;-4.3292;-5.2964;-4.2373;-9.8055;-13.4709;-13.2733;-13.1293;-14.3425
1.000000;-2.646190;-2.140580;-3.654950;-3.003660;-0.621065;-6.348880;-4.431250;-5.336760;-4.3432;-6.0804;-7.9385;-6.3911;-8.4254;-9.3564;-9.4273;-10.4157
1.000000;-1.668040;-1.618200;-3.465140;-1.642190;-2.710430;-2.517430;-0.336042;-3.047760;-5.3828;-6.0776;-6.6945;-5.6930;-9.3047;-7.2547;-6.0801;-7.2942
1.000000;-1.983060;-2.458820;-2.382730;-0.280948;-3.546030;0.661185;-1.424010;-2.079350;-5.4532;-4.2600;-5.7538;-5.9514;-7.2769;-6.1240;-6.5063;-8.2316
1.000000;-0.844592;-1.251810;-3.352680;-4.645830;-4.715610;-8.448210;-4.203540;-7.627120;-4.4808;-4.2809;-4.0458;-7.8071;-9.0461;-11.1990;-7.6167;-10.2869
1.000000;-6.970610;-3.157540;-5.099120;-8.483850;-12.057600;-13.134500;-11.254300;-8.840840;-7.6487;-9.9198;-7.9375;-10.7909;-14.5837;-13.1700;-13.0745;-13.2183
1.000000;-5.314970;-5.855080;-4.335020;-9.888890;-9.578000;-11.342400;-10.219100;-11.137700;-5.7829;-10.0828;-8.1370;-12.0871;-13.4595;-14.7091;-11.8736;-15.1004
1.000000;-7.090310;-6.794830;-8.410890;-10.786500;-12.695200;-12.736500;-14.523300;-15.305200;-13.2402;-7.9556;-8.5698;-14.4161;-16.1078;-15.8406;-15.6028;-16.2912
1.000000;-3.137750;-5.114640;-2.851990;-5.627670;-7.951210;-9.343900;-7.754500;-10.031500;-6.2835;-7.8671;-7.7864;-7.9896;-11.2184;-14.7331;-12.8349;-9.8254
1.000000;-7.063080;-3.700390;-4.960240;-8.006200;-7.412350;-8.785510;-12.842500;-8.911350;-9.7467;-6.4118;-7.4709;-9.3431;-9.6831;-9.3174;-12.7106;-11.5476
1.000000;-3.371940;-1.947170;-1.452680;-4.287620;-4.001770;-3.264470;-3.959090;-3.620480;-4.1290;-7.0830;-4.8836;-8.3705;-10.7982;-6.3013;-8.9983;-9.0727
1.000000;-1.820710;-5.140070;-4.370930;-9.219730;-10.332100;-9.649740;-8.163410;-12.847400;-4.4069;-10.4371;-7.3723;-10.6613;-10.4585;-11.5085;-10.3632;-14.4953
1.000000;-1.598720;-0.478822;-1.686060;-3.756350;0.229778;1.699190;5.053230;-2.901900;-3.4352;-4.9298;-6.5267;-9.1233;-4.2051;0.1075;-4.1834;-5.1832
1.000000;1.436970;-1.706910;-0.078495;-3.253650;-1.917870;0.902847;2.345690;-0.862419;0.0360;-4.1417;-4.4417;-8.6244;-5.7433;-4.0439;-6.7920;-4.8169
1.000000;-2.703030;0.015374;0.371824;-2.427350;-0.301725;1.662880;3.258980;-0.855538;-6.5051;-3.7073;-4.5632;-5.1535;-4.2426;-2.1993;-2.8101;-6.9802
1.000000;-2.623300;-3.646310;-4.707540;-6.617140;-2.722180;0.668964;4.706180;-1.317410;-7.5188;-6.8848;-10.7586;-8.6861;-3.6383;-2.5744;-2.9354;-6.9490
1.000000;-0.320143;-4.062780;-1.511060;-2.316310;-1.875560;0.240390;0.576304;-1.698000;1.0426;-4.1737;-5.9419;-6.7883;-6.0750;-5.2818;-6.6091;-5.5952
1.000000;-0.951270;-3.820230;-4.971290;-6.078130;-4.268350;-4.993320;-4.084850;-6.255630;-4.4349;-7.5854;-8.8518;-10.2626;-9.4116;-7.7828;-8.8500;-9.7436
1.000000;-0.245761;-1.790510;-0.636075;-0.274693;-2.618240;2.238210;-2.711700;2.169230;-2.9394;-4.0244;-5.1484;-4.2534;-7.2827;-5.2190;-4.8437;-5.5689
1.000000;0.006031;-1.717200;-4.626440;-3.371620;-4.528780;1.377150;0.229409;-4.155590;-3.1061;-2.7315;-6.4284;-8.7014;-8.6012;-7.3717;-8.0229;-9.5763
1.000000;-2.003710;-3.025350;-3.485670;-5.000130;-6.114310;-0.120432;-1.578540;-0.516545;-6.1416;-6.8040;-4.9669;-7.5493;-9.1681;-7.1867;-6.7618;-10.6202
1.000000;-3.452430;0.385447;-1.446670;-2.871020;-1.068220;-0.712997;-0.648720;-2.816690;-7.5661;-6.4884;-5.5443;-6.7144;-7.0892;-8.9087;-7.4257;-7.8120
1.000000;-7.063080;-3.700390;-4.960240;-8.006200;-7.412350;-8.785510;-12.842500;-8.911350;-9.7467;-6.4118;-7.4709;-9.3431;-9.6831;-9.3174;-12.7106;-11.5476
1.000000;-0.670519;-3.886950;-7.388080;-5.242740;-8.938780;-10.742700;-11.869000;-10.677100;-3.1853;-6.9486;-8.7591;-11.5541;-10.8024;-13.3055;-14.5359;-14.0099
1.000000;-2.793480;-1.655310;1.170690;-3.203380;-4.625260;-4.621190;-2.621620;-5.962730;-6.4542;-5.7616;-4.1809;-7.4369;-9.5027;-8.2585;-9.8134;-7.5382
1.000000;-2.461840;-1.883580;-3.099350;-2.432270;-5.346080;-5.539460;-5.030520;-10.898100;-4.8852;-6.7298;-4.0804;-7.5917;-9.3121;-8.1400;-9.4192;-11.2931
1.000000;-1.157810;-0.990135;-1.087180;-4.223500;-5.899610;-3.192250;-5.483180;-6.214970;0.7120;-8.7096;-5.1987;-8.1411;-10.7269;-8.4399;-8.7452;-10.9470
1.000000;-1.595630;-2.314450;-0.750279;-3.943880;-4.170300;-4.044970;-6.251850;-3.453030;-3.5757;0.6282;-2.1761;-6.2875;-6.8364;-6.4915;-9.2367;-10.2917
1.000000;-0.801535;-3.256080;-3.364770;-0.904243;-0.713274;0.595312;-2.062140;-2.405110;-5.2217;-4.1610;-5.0472;-6.3161;-6.9685;-5.3398;-6.4727;-5.5693
1.000000;-3.450500;0.174212;-0.733333;-2.953400;-7.912460;-8.355650;-6.208530;-8.544910;-4.8963;-4.8463;-7.8451;-6.2120;-8.4301;-9.5086;-11.4485;-12.3088
1.000000;0.743097;-2.833670;-3.024850;-2.906040;-3.138640;1.382080;-4.723440;-3.423310;-2.3647;-2.8511;-3.6306;-7.7333;-9.7494;-3.1626;-11.4915;-7.4931
1.000000;0.815592;-0.557895;-2.699230;-0.941403;-5.552660;-0.742185;0.797251;-3.606450;1.6906;-5.9409;-3.1295;-8.2627;-9.4812;-5.0643;-7.9180;-8.6641
1.000000;-1.543450;-2.917360;-0.528344;-3.001540;-7.156480;-4.594890;-3.298590;-4.248450;-0.7760;-7.7104;-5.6527;-6.8025;-8.4197;-8.9591;-9.4710;-7.8971
1.000000;-1.804150;-5.908270;-1.162620;-3.768870;-11.130400;-10.534200;-7.532180;-11.229000;-4.7435;-9.6936;-8.0743;-8.4811;-12.2835;-13.6197;-11.0854;-12.2677
1.000000;0.680415;-2.216700;-0.930326;-4.041670;-5.652220;-1.013490;-2.015580;-3.393120;-1.6173;-5.1244;-3.2139;-8.8662;-8.1537;-6.2186;-7.2815;-8.8509
2.000000;-16.176700;-11.692400;-16.146300;-1.981260;-1.183930;-1.943460;-2.764700;-2.315800;-16.4500;-14.6095;-15.7236;-8.7951;-8.1602;-7.1449;-11.7187;-10.2247
2.000000;-17.455000;-12.489000;-15.458400;-4.951390;-1.391690;-1.960910;-5.671270;-3.575630;-17.2287;-14.9294;-16.7976;-8.4486;-7.8812;-7.0304;-12.4920;-9.7385
2.000000;-16.134600;-9.646850;-16.385800;-0.990725;0.111848;-1.297520;-4.512000;-4.054170;-17.6484;-14.7893;-16.2760;-8.9821;-7.6036;-5.5023;-10.1844;-11.2480
2.000000;-16.332700;-9.368640;-14.175400;0.728852;-3.446810;-3.457710;-6.911380;-3.546930;-17.2741;-14.7273;-16.5269;-7.0352;-4.1440;-6.6912;-9.7180;-7.9948
2.000000;-17.567800;-10.886200;-15.786500;-0.847983;-1.125110;-3.857380;-4.708370;-7.014580;-17.1419;-15.1042;-17.9812;-5.3606;-6.7099;-8.3208;-10.0212;-9.9028
2.000000;-16.768700;-11.685500;-15.917900;-0.233087;-0.288392;-4.128980;-6.722450;-4.516260;-18.2545;-17.1280;-15.3578;-9.2055;-5.8076;-8.2169;-8.9714;-8.0623
2.000000;-15.648200;-10.518400;-15.537800;-3.668720;-2.083220;-6.857490;-9.055530;-8.884080;-13.9454;-14.5362;-18.1707;-8.4724;-10.5653;-9.9345;-12.1011;-14.5434
2.000000;-14.050200;-11.281000;-17.746000;0.240521;-2.861760;-3.530070;-7.775730;-4.055100;-17.6494;-16.6170;-18.5421;-7.5007;-7.7982;-8.0246;-9.5599;-10.7780
2.000000;-17.295200;-11.743600;-15.366200;-2.823000;-5.235090;-7.104080;-7.415940;-9.558640;-17.2584;-15.7606;-16.9388;-7.3364;-10.6074;-7.5912;-10.3500;-10.6109
2.000000;-17.724800;-14.336100;-15.235000;4.500630;0.948283;-5.476910;-6.558370;-5.966110;-16.6870;-17.7946;-15.3068;-4.7336;-7.8398;-10.5782;-10.0072;-9.7239
2.000000;-17.367200;-13.754000;-15.380900;-9.956580;-5.977120;-7.643930;-5.246010;-11.917000;-17.2271;-16.8648;-16.7625;-13.8044;-11.8885;-11.1208;-11.7913;-14.1861
2.000000;-14.459200;-11.684800;-13.582900;-4.801840;-5.463300;-1.615320;-6.219300;-8.719980;-17.5056;-15.5113;-14.6353;-9.8956;-8.6150;-6.4830;-7.9583;-12.6439
2.000000;-16.346900;-15.269900;-14.698000;-9.629010;-10.900500;-8.960180;-8.956720;-13.019100;-15.7783;-17.9354;-16.7241;-13.1993;-12.9990;-8.8189;-11.2810;-13.7516
2.000000;-17.742700;-10.939800;-11.710800;-7.371900;-5.273430;-3.642040;-5.167840;-9.280710;-17.5827;-15.2895;-14.2779;-10.3929;-6.6440;-6.1282;-9.0962;-9.1519
2.000000;-17.338700;-13.455100;-12.448700;-9.624680;-4.293450;-6.296990;-8.677170;-9.277930;-15.1834;-15.3104;-15.3675;-12.1746;-11.1491;-9.4788;-11.4352;-9.8991
2.000000;-16.354400;-15.004900;-11.127400;-4.135020;-2.629490;-4.547600;-5.689030;-7.403030;-15.4024;-15.1080;-15.9475;-8.5113;-7.6042;-5.4879;-9.5160;-9.2346
2.000000;-17.212200;-13.353900;-14.308100;-8.437850;-6.800130;-9.044700;-7.087110;-10.339100;-16.8922;-17.9041;-16.6344;-13.2216;-10.4147;-10.0093;-11.8610;-12.5008
2.000000;-15.964000;-14.093600;-12.874700;-5.356610;-5.453430;-5.205990;-6.818060;-7.805840;-17.5516;-15.1002;-15.2211;-8.9614;-6.7304;-8.8846;-8.5653;-12.2355
2.000000;-16.868600;-12.184500;-13.814100;-4.058330;-6.239940;-6.320130;-7.312850;-7.287290;-14.6769;-15.3485;-14.7618;-7.1109;-9.0304;-9.4449;-10.5079;-12.6600
2.000000;-16.694400;-13.477200;-13.666200;-7.046760;-4.589920;-5.298390;-6.708430;-7.238890;-14.6890;-16.2158;-14.9612;-9.8400;-9.8795;-7.7373;-8.9184;-12.4990
2.000000;-17.275300;-11.504900;-12.856500;-3.516480;-2.173030;-4.664590;-6.946490;-6.998100;-15.6270;-14.6368;-13.9554;-9.5257;-5.6329;-7.2896;-10.0795;-12.7113
2.000000;-15.647500;-11.241300;-10.462200;-3.463780;-3.460910;-3.335220;-7.147650;-6.752200;-16.1638;-15.8501;-11.9202;-7.1715;-8.4293;-7.3789;-8.7309;-10.2589
2.000000;-17.822200;-11.388600;-12.527200;-6.044990;-5.575730;-3.153660;-5.362680;-7.537250;-16.3620;-16.6666;-15.1000;-8.6647;-9.5507;-7.5421;-10.5466;-12.0118
2.000000;-16.791900;-14.751900;-12.384100;-2.965390;-6.513850;-3.709400;-7.209470;-6.750790;-15.7497;-16.4222;-14.3734;-8.8583;-5.0920;-6.0436;-9.2660;-9.4284
2.000000;-16.456000;-12.447000;-13.039300;-5.977060;-5.340080;-3.018110;-6.778700;-8.720670;-18.1908;-17.2774;-13.8382;-6.6103;-7.4138;-7.0747;-6.3117;-12.4178
2.000000;-16.793700;-11.253000;-9.096710;-4.411210;-5.087740;-7.562340;-5.474510;-10.032400;-16.9435;-14.3830;-13.5995;-6.5520;-7.0862;-9.0522;-9.3006;-11.4111
2.000000;-15.449600;-11.693400;-14.546000;-14.664500;-12.060900;-6.777750;-3.083070;-7.045280;-16.0991;-15.0534;-16.7371;-14.4003;-16.7074;-13.0534;-9.4797;-12.3156
2.000000;-15.494900;-8.371270;-12.321700;-8.010240;-9.499230;-8.135240;-8.027130;-6.655080;-15.3216;-14.7045;-17.9999;-15.0384;-14.1206;-11.9176;-10.9056;-9.5540
2.000000;-15.966900;-13.187600;-15.108300;-12.086700;-13.350100;-11.660200;-9.860380;-9.989190;-14.2904;-14.6855;-17.3850;-14.7955;-11.9504;-14.3544;-13.1340;-12.3207
2.000000;-16.884700;-10.379000;-8.718440;-4.439860;-3.116430;-5.589330;-8.331790;-5.777580;-16.9993;-16.1369;-14.0731;-8.7757;-5.1489;-5.2444;-7.8714;-8.7068
2.000000;-17.131900;-13.122300;-15.697500;-7.608430;-7.258470;-8.723960;-5.805820;-12.268300;-17.7849;-14.1686;-15.9673;-11.7293;-12.1467;-9.2623;-11.4079;-16.0204
2.000000;-16.458800;-14.591000;-15.501500;-7.778920;-8.586130;-5.430730;-7.027930;-10.518400;-16.7423;-15.6557;-18.2850;-12.4398;-8.2406;-6.9444;-10.5905;-16.0920
2.000000;-16.396700;-13.285000;-15.459400;-8.104900;-7.815220;-5.830110;-6.163750;-8.135250;-16.5624;-16.4318;-16.1926;-11.9892;-10.8011;-8.5439;-10.9029;-10.9500
2.000000;-18.104300;-14.887000;-12.324000;-0.829046;-2.431210;-3.522050;-5.150620;-5.544450;-16.1767;-16.0824;-15.5263;-6.8908;-6.4722;-5.8625;-10.8204;-10.0168
2.000000;-15.790300;-13.041800;-11.491100;-3.117500;-3.767270;-2.695790;-3.692700;-3.693050;-16.3096;-15.9327;-14.6976;-7.7679;-7.8452;-9.2288;-8.6066;-10.0983
2.000000;-16.495800;-11.953600;-14.808500;-3.339240;-4.236270;-3.063330;-5.308350;-7.388790;-16.4477;-17.7421;-16.8827;-9.5670;-9.9939;-6.9241;-11.1938;-10.3889
2.000000;-17.844400;-14.259100;-16.053800;0.100884;-4.995330;-4.679100;-10.096900;-8.277750;-18.7741;-17.6021;-15.2124;-8.3875;-8.2769;-6.4030;-12.3829;-14.2782
2.000000;-18.889100;-12.298300;-13.518500;0.369646;0.841406;-1.723750;-6.111780;-9.301900;-15.8383;-16.0961;-15.1968;-2.1891;-6.3654;-8.3325;-11.2359;-12.7602
2.000000;-17.236700;-13.046700;-12.843200;-1.547830;-1.941810;-2.581160;-6.195580;-3.619120;-16.5955;-14.4218;-13.8332;-7.6267;-7.9935;-7.6041;-13.1240;-10.9041
2.000000;-16.123600;-13.042300;-17.224700;-1.221780;-2.524830;-4.293340;-6.402900;-3.984520;-15.7458;-16.1054;-15.4286;-8.2178;-4.7736;-7.6816;-11.3202;-7.1921
2.000000;-18.261000;-10.939800;-14.362200;-3.601250;-1.559590;-3.778460;-6.503220;-4.809800;-17.4137;-13.9549;-16.2930;-7.1571;-7.5901;-5.6867;-11.5218;-10.0261
2.000000;-14.591200;-13.489300;-8.028840;-4.508990;-4.377880;-3.872970;-8.864540;-7.131810;-16.6854;-14.6432;-13.1191;-9.6961;-8.6412;-7.1660;-10.1417;-9.9744
2.000000;-16.424400;-9.641200;-11.338200;-3.305830;-2.237080;-3.584850;-7.638880;-8.883520;-15.0928;-15.2933;-16.4085;-4.8482;-5.9411;-8.2158;-9.5874;-10.6330
2.000000;-17.179300;-13.387400;-15.461200;0.212459;1.723040;-5.772070;-7.023940;-5.858550;-15.4669;-15.6064;-15.6157;-3.7605;-4.9438;-7.9256;-10.7548;-12.4912
2.000000;-16.834000;-10.031600;-14.910700;-0.071697;0.589382;-2.688170;-3.737720;-4.841660;-16.9487;-15.7890;-17.5833;-3.7120;-2.4072;-6.2250;-10.5967;-10.4131
2.000000;-16.756000;-15.407900;-11.980000;-4.034450;-4.618960;-4.567490;-5.055380;-4.880530;-16.6447;-15.0923;-15.8423;-6.7251;-8.2661;-5.5128;-9.9474;-9.9044
2.000000;-17.009600;-10.852300;-12.248400;-1.874690;-1.501670;-0.321789;-4.770630;-5.718980;-18.3957;-13.0034;-15.1952;-7.8738;-5.4223;-6.4811;-8.0856;-10.7752
2.000000;-15.755100;-11.039800;-11.527800;-4.634530;-4.987180;-2.318790;-4.755950;-5.825460;-16.7878;-16.6370;-15.1606;-7.7539;-7.9402;-7.9535;-9.8088;-10.9419
2.000000;-16.176700;-11.692400;-16.146300;-1.981260;-1.183930;-1.943460;-2.764700;-2.315800;-16.4500;-14.6095;-15.7236;-8.7951;-8.1602;-7.1449;-11.7187;-10.2247
2.000000;-15.807700;-12.923100;-11.338500;-6.775950;-2.754710;-5.717070;-7.355170;-7.792150;-16.1917;-15.4281;-13.0379;-8.8664;-9.8988;-9.3091;-9.4722;-11.7601
2.000000;-16.872200;-13.825900;-12.402900;-6.584630;-4.411260;-3.751480;-7.816960;-8.149810;-17.8866;-14.3478;-14.5631;-9.2343;-8.1648;-7.6158;-13.1280;-10.4613
2.000000;-16.282500;-13.014800;-12.819700;-5.681540;-3.353080;-6.469340;-6.046470;-9.405070;-16.8853;-15.8754;-14.5192;-7.5459;-6.1321;-9.2127;-11.9890;-12.3141
2.000000;-16.537600;-14.404500;-13.833400;-7.204770;-7.336870;-5.108270;-9.525270;-12.750500;-16.5033;-13.5643;-15.9067;-12.5102;-10.9592;-10.5115;-10.9439;-14.2817
2.000000;-15.121400;-12.497300;-14.326400;-7.188040;-5.588100;-6.758440;-6.908260;-7.539950;-16.4075;-15.1930;-16.7075;-8.8241;-10.6573;-8.2620;-11.7459;-9.6942
2.000000;-16.085300;-16.311700;-14.975500;-15.343200;-9.713870;-8.612400;-5.350860;-6.943130;-16.6955;-16.0168;-15.2736;-13.6704;-12.3808;-15.0137;-9.5197;-11.0592
2.000000;-15.395100;-12.318300;-14.217400;-14.854000;-12.581300;-13.735800;-9.701040;-7.069830;-17.9002;-15.1128;-14.2654;-14.3270;-14.4227;-15.7799;-15.0495;-12.6903
2.000000;-15.149300;-12.657000;-11.645400;-4.144250;-5.116530;-4.017870;-6.225780;-8.332670;-17.0850;-15.7714;-13.3848;-8.3376;-6.0165;-8.0256;-9.0551;-9.6572
2.000000;-15.995300;-13.049000;-13.445400;-9.423450;-6.165690;-2.664710;-5.081280;-10.244600;-17.4536;-14.5540;-16.5055;-13.7126;-8.3710;-7.4042;-8.0097;-11.2834
2.000000;-16.157000;-13.738900;-10.363100;-7.041710;-4.571490;-6.867590;-5.773830;-7.466640;-16.1204;-16.1716;-14.6824;-10.6662;-8.5612;-8.4257;-9.4986;-12.4955
2.000000;-15.600000;-13.996600;-13.031300;-4.030780;-5.373870;-1.904040;-4.141280;-8.757980;-18.8061;-15.6976;-15.9868;-7.1460;-8.7318;-6.6767;-8.0330;-10.3127
3.000000;-15.706600;-13.979900;-14.087500;-12.193700;-12.622300;-11.207600;-4.621780;-10.955000;-16.3515;-15.8711;-17.4792;-16.7345;-15.8585;-14.0650;-11.0778;-14.3147
3.000000;-17.620200;-11.491900;-16.969600;-14.246600;-15.092600;-15.142800;-11.600000;-16.856700;-16.6567;-16.3079;-16.7282;-18.4010;-17.2041;-14.8929;-15.4633;-16.9021
3.000000;-17.647600;-10.852400;-16.485100;-14.207600;-13.585600;-13.200400;-6.121520;-13.488200;-17.7912;-15.6422;-16.9558;-17.0779;-14.9796;-15.9330;-12.3154;-15.5879
3.000000;-16.706700;-11.413200;-15.144900;-15.538100;-17.562400;-13.429100;-17.193600;-16.982900;-17.7638;-16.7803;-19.7409;-16.9618;-17.7872;-14.6930;-14.6069;-14.7781
3.000000;-15.690000;-13.469200;-17.884800;-14.617900;-15.815000;-16.011000;-13.019000;-10.856700;-17.4471;-14.6882;-15.6422;-17.3618;-20.6713;-16.4009;-15.1140;-15.6324
3.000000;-15.796800;-11.529800;-14.574500;-13.400300;-13.625800;-16.307200;-14.504300;-17.328800;-16.2148;-16.8050;-17.8327;-16.0996;-15.9228;-16.0292;-16.5499;-17.5275
3.000000;-16.659400;-11.628700;-16.452700;-16.310900;-14.883900;-14.528900;-17.406300;-15.186900;-14.8888;-13.9821;-15.8260;-17.5348;-15.8245;-17.5975;-14.8142;-17.4779
3.000000;-16.934400;-13.021100;-15.390200;-16.428200;-15.321500;-13.326700;-7.867740;-13.562100;-15.3244;-16.9017;-16.3734;-18.0702;-16.2901;-16.5062;-14.6930;-15.9353
3.000000;-16.913900;-10.355500;-17.835500;-16.098000;-16.076900;-12.097600;-11.306100;-14.481000;-17.1871;-15.6844;-15.8692;-16.3678;-16.2369;-15.0467;-15.4198;-19.1104
3.000000;-16.386900;-13.804900;-14.338400;-15.626800;-14.216400;-11.529700;-14.021000;-14.337500;-17.8051;-16.9197;-15.3889;-18.5861;-16.6420;-15.5722;-17.2818;-15.6482
3.000000;-17.652000;-12.676200;-15.249800;-15.676900;-16.577000;-16.405400;-15.574600;-16.879900;-14.9676;-14.9751;-17.9981;-18.3527;-16.5556;-16.0975;-18.5181;-17.8726
3.000000;-15.401400;-11.469700;-18.612900;-18.094400;-18.695100;-15.928200;-13.198800;-17.555700;-17.0734;-14.9670;-16.3356;-15.2150;-18.4309;-16.9882;-14.8373;-18.8269
3.000000;-16.876300;-11.037800;-14.675000;-15.567000;-17.006400;-13.329800;-8.974130;-16.234700;-14.4523;-14.4288;-17.3427;-16.0778;-15.0413;-13.0432;-13.4917;-16.4926
3.000000;-17.309700;-10.301000;-15.109300;-16.367600;-14.519000;-13.105900;-8.868650;-16.853700;-17.3712;-14.4576;-16.8118;-16.3794;-17.5201;-15.6686;-13.2974;-18.3348
3.000000;-16.649400;-11.763900;-16.712100;-16.783200;-15.772300;-13.880100;-12.483600;-18.200800;-17.6496;-14.7682;-15.0072;-16.8812;-16.2350;-15.9318;-16.1275;-17.0728
3.000000;-16.707600;-12.745900;-15.074100;-16.176200;-15.408800;-12.407700;-6.931240;-17.343000;-15.0294;-14.7937;-16.1495;-15.5736;-18.6203;-15.4407;-13.0013;-15.9788
3.000000;-17.877500;-10.004800;-15.684600;-15.888600;-13.001600;-16.689400;-15.174700;-14.062400;-15.4048;-14.4779;-16.0946;-16.8975;-17.0432;-16.1624;-14.7655;-16.5813
3.000000;-15.605300;-13.127400;-13.917100;-6.702810;-8.875700;-10.860500;-8.650090;-10.651500;-16.4697;-14.9708;-14.4926;-11.9427;-12.8899;-13.9161;-12.4182;-16.2313
3.000000;-17.607400;-11.845400;-14.399300;-12.230300;-14.025900;-17.124800;-12.943900;-9.871470;-16.6451;-16.9071;-16.1646;-15.2186;-16.2564;-15.3233;-15.3586;-13.5642
3.000000;-16.884300;-13.322000;-15.044400;-15.604800;-16.824800;-14.087000;-13.708700;-16.400700;-16.4741;-15.8817;-16.2097;-17.7720;-16.6405;-15.9498;-16.8949;-17.8274
3.000000;-16.211700;-10.048100;-16.395400;-14.489300;-15.925000;-15.551700;-15.314800;-14.672500;-14.7123;-15.0248;-15.4173;-16.2474;-17.3342;-16.5428;-15.9621;-16.2795
3.000000;-16.231500;-13.819900;-13.437600;-16.669000;-18.365000;-16.584700;-15.451500;-15.468600;-16.2118;-13.9672;-16.2974;-16.9773;-16.4804;-14.0545;-17.1009;-17.8783
3.000000;-17.618500;-8.724960;-16.954100;-14.790800;-16.374000;-15.667900;-15.903900;-14.420000;-15.4826;-14.4935;-17.7063;-17.2281;-15.2839;-15.2595;-16.8542;-15.9671
3.000000;-15.876200;-8.440820;-16.741700;-16.836800;-15.305400;-14.577400;-15.299700;-14.269400;-18.1291;-14.0026;-16.5289;-15.4382;-17.9631;-15.7081;-16.4682;-16.3265
3.000000;-15.442600;-7.096850;-14.960500;-17.103600;-14.213300;-13.527200;-16.516700;-15.594200;-17.0132;-13.3289;-16.1225;-17.0001;-15.0089;-15.6819;-16.8146;-15.3283
3.000000;-15.241700;-8.019740;-16.679100;-10.479300;-14.942000;-14.841800;-13.575100;-16.138800;-16.2376;-13.3601;-17.4457;-14.7935;-16.0612;-14.5305;-16.6270;-16.9081
3.000000;-15.788100;-8.657670;-17.195100;-14.777700;-15.426100;-15.446500;-15.790400;-15.990400;-18.6222;-15.5206;-16.9866;-15.8025;-16.1055;-15.0939;-16.3597;-14.6521
3.000000;-16.557800;-9.239170;-14.173200;-18.034300;-13.933600;-14.100600;-14.025400;-16.033000;-16.7663;-13.5160;-15.5058;-16.0606;-17.4171;-15.7246;-17.9433;-17.0568
3.000000;-16.602300;-10.335500;-15.003000;-15.096900;-17.202700;-16.431000;-16.116700;-16.985900;-16.1653;-14.9802;-14.4228;-15.5669;-17.1738;-16.4614;-17.1650;-16.4599
3.000000;-16.831900;-7.356030;-13.994900;-14.072400;-16.971500;-16.301100;-15.548900;-15.890400;-15.9955;-14.8632;-16.8375;-15.9126;-15.6552;-15.6005;-18.1777;-18.3344
3.000000;-15.095400;-11.174000;-14.344400;-18.299400;-16.987300;-16.479800;-15.941600;-17.004000;-16.7240;-14.7775;-15.7912;-17.3948;-16.6645;-16.9542;-15.8738;-15.2841
3.000000;-18.022800;-11.961700;-15.341100;-17.152100;-15.636700;-14.885100;-15.144100;-15.276000;-16.1096;-15.5135;-16.4628;-16.2729;-18.0528;-16.9857;-15.4258;-16.9087
3.000000;-17.044400;-11.667400;-15.348800;-13.501400;-15.423600;-15.557300;-14.204400;-10.575300;-18.5474;-15.6246;-18.0257;-16.3391;-18.4552;-16.6727;-17.0965;-16.3679
3.000000;-17.086800;-12.184000;-15.654500;-14.943200;-15.409900;-15.529000;-14.929800;-11.823600;-16.7157;-15.8434;-16.5329;-15.1679;-16.4781;-16.4402;-14.8281;-16.9760
3.000000;-15.772900;-13.137400;-16.851300;-15.572000;-13.268300;-17.416000;-14.279000;-13.899900;-16.4889;-15.7843;-16.2099;-15.7571;-15.6939;-16.0860;-16.7019;-15.9288
3.000000;-16.493400;-11.211900;-14.802600;-13.925200;-15.363400;-13.500600;-8.184880;-16.057300;-16.1315;-14.7354;-16.4268;-15.7258;-14.8984;-14.1472;-13.8251;-17.0170
3.000000;-14.935900;-10.887500;-16.146000;-17.325500;-14.942900;-16.182900;-9.447740;-15.435700;-15.6934;-15.4027;-17.8799;-15.4861;-16.6595;-15.5351;-13.0395;-17.6702
3.000000;-15.786800;-10.909900;-15.596800;-16.505800;-15.680800;-15.245300;-13.114000;-17.059400;-16.7672;-15.4391;-16.1024;-18.2345;-17.4954;-15.6592;-16.5453;-17.6468
3.000000;-17.201900;-10.181200;-15.259500;-14.234000;-15.616700;-16.461300;-15.174800;-15.099700;-16.3341;-15.9728;-15.9485;-18.1553;-17.7158;-15.7107;-16.5752;-14.2936
3.000000;-18.520100;-11.353800;-15.163100;-14.780500;-14.008400;-16.095300;-17.614500;-18.114700;-15.6965;-13.4756;-16.3136;-18.4138;-16.9117;-17.3496;-18.7664;-17.0857
3.000000;-16.185200;-11.324800;-16.895900;-16.376500;-17.377900;-14.859100;-8.885560;-15.122800;-15.8844;-12.7252;-16.6085;-17.5820;-17.8544;-15.2787;-12.1503;-17.3250
3.000000;-16.164000;-12.762200;-15.123700;-14.974900;-16.268300;-13.600200;-5.487950;-16.623900;-17.2599;-14.0715;-15.8242;-15.7681;-16.6242;-16.2906;-14.8428;-15.9747
3.000000;-16.197700;-12.197800;-16.067000;-15.297900;-13.968500;-12.183300;-6.058600;-16.171700;-16.7961;-16.3235;-15.5356;-16.7291;-16.3237;-15.5377;-11.2368;-16.4970
3.000000;-17.614800;-11.324000;-16.689700;-16.429400;-15.565900;-14.018400;-8.095310;-15.072800;-15.6603;-15.4131;-15.8280;-19.3287;-18.0969;-16.0487;-13.8761;-17.2782
3.000000;-15.068900;-11.681900;-14.534600;-14.042100;-14.359900;-13.532700;-10.778400;-17.078100;-17.5766;-14.3771;-16.3620;-18.4295;-15.3948;-15.6358;-14.3235;-15.5768
3.000000;-16.900800;-11.052100;-15.813800;-14.469000;-13.607300;-13.971800;-7.010130;-13.126400;-16.0128;-15.2857;-16.0502;-16.1635;-15.6238;-15.6761;-14.4916;-14.9053
3.000000;-18.223400;-12.870700;-15.475000;-5.805610;-8.444090;-13.331500;-8.437600;-10.328700;-17.4172;-16.2124;-16.4388;-12.8941;-15.0286;-16.9930;-14.2199;-13.2692
3.000000;-15.987100;-13.540900;-13.517200;-14.786200;-16.396600;-11.533900;-11.560000;-12.064000;-17.2675;-15.7183;-15.3706;-17.3131;-17.7703;-13.9468;-14.6812;-16.9490
3.000000;-16.749500;-10.328500;-13.864200;-15.637400;-15.733700;-14.543000;-14.915000;-9.717020;-15.7308;-15.2026;-15.9425;-15.1819;-15.8472;-15.8156;-15.9007;-15.9098
3.000000;-16.526800;-11.782500;-14.999800;-5.125380;-11.312800;-13.502400;-2.717720;-9.851110;-15.5998;-13.5341;-16.4113;-12.5627;-14.2587;-16.2511;-13.0942;-18.2577
3.000000;-14.902800;-11.702700;-14.497800;-14.561300;-15.784200;-15.993700;-10.414400;-15.102000;-16.5916;-15.6673;-16.6869;-15.3461;-17.1479;-15.5987;-13.6695;-16.2788
3.000000;-16.404900;-9.376930;-16.598300;-15.083900;-17.634400;-16.587200;-16.057800;-15.308200;-14.8508;-13.5951;-18.2453;-15.7676;-16.6946;-14.9817;-17.7022;-16.4607
3.000000;-15.824300;-9.606930;-14.623600;-17.183300;-16.737000;-15.473000;-13.029100;-16.746700;-15.8756;-13.0697;-15.6173;-18.2323;-17.1179;-14.9703;-16.1310;-17.1867
3.000000;-15.805700;-12.240200;-14.704700;-16.332100;-14.977800;-13.770000;-14.133100;-14.639500;-14.9031;-14.8099;-15.6035;-15.2903;-17.3701;-15.1842;-15.3588;-16.5187
3.000000;-17.874800;-10.872100;-17.147800;-15.271500;-17.003600;-16.345600;-15.667600;-15.046200;-15.5623;-15.7136;-15.5467;-15.9972;-17.0047;-15.3470;-16.5902;-17.0058
3.000000;-15.926100;-10.015000;-16.639200;-14.497100;-15.597100;-14.481600;-15.815000;-15.384800;-15.1751;-14.7561;-16.9178;-16.3484;-16.3309;-18.2103;-15.7153;-16.6842
3.000000;-15.465400;-11.385700;-14.650100;-17.489100;-16.192900;-16.036100;-14.336300;-14.828100;-16.4237;-13.3491;-17.5916;-17.9798;-15.8549;-15.8971;-13.5600;-16.3586
3.000000;-15.883400;-10.546500;-15.428300;-14.896400;-12.535600;-15.154900;-13.710400;-15.293000;-16.6311;-14.9993;-15.6837;-15.9732;-14.6160;-14.8603;-15.1557;-15.4834
3.000000;-17.239300;-9.733160;-15.505000;-15.154600;-11.791200;-14.274100;-15.624300;-16.607400;-16.3795;-14.0283;-15.7660;-16.7924;-15.7204;-14.3841;-17.7518;-17.4982
3.000000;-16.969900;-9.805670;-16.499600;-16.017400;-15.738500;-14.242000;-14.441900;-15.820700;-16.2719;-13.0315;-16.4306;-14.6632;-16.5954;-14.5888;-18.1054;-16.4370
3.000000;-16.649200;-9.091900;-16.905600;-14.586700;-11.920000;-15.178700;-15.028200;-16.182100;-16.4536;-13.8551;-15.8755;-17.0323;-15.9516;-16.5010;-15.7302;-17.1853
3.000000;-17.069800;-11.325100;-14.940200;-16.782800;-15.902000;-14.710400;-16.074700;-15.338000;-17.8612;-15.5522;-15.7529;-14.2754;-16.2461;-16.0078;-18.8887;-16.9257
4.000000;-15.966500;-5.017350;-5.315140;-9.810220;-9.681300;-6.427290;-8.241810;-7.788450;-15.5180;-7.6780;-11.4401;-12.4561;-12.0341;-7.2664;-9.4128;-11.0134
4.000000;-15.189200;-5.751560;-7.139790;-9.318220;-9.682110;-4.970000;-8.468140;-9.598700;-16.1929;-11.2744;-9.6854;-10.8707;-12.1938;-6.7054;-12.4082;-10.8989
4.000000;-14.036100;-4.517870;-7.234110;-12.666100;-6.965120;-3.869510;-6.446410;-7.485040;-17.5030;-8.2015;-9.8615;-12.3505;-10.3214;-7.6814;-8.4163;-10.9211
4.000000;-16.221600;-6.227080;-7.812390;-10.029400;-7.118450;-6.070140;-6.575970;-9.357150;-16.2742;-10.1000;-12.1145;-11.5974;-10.5457;-9.5029;-10.5368;-11.8535
4.000000;-14.120900;-3.095910;-7.268980;-8.190800;-8.800460;-4.093020;-4.692950;-7.687390;-17.1455;-8.2073;-8.5184;-13.9792;-9.3081;-8.9077;-10.9826;-13.4561
4.000000;-15.107500;-5.824210;-2.690760;-9.090500;-8.866970;-3.898740;-6.932600;-8.272330;-17.4515;-10.2202;-9.0647;-11.4385;-8.0793;-5.9126;-12.3502;-12.1841
4.000000;-16.333000;-4.316180;-5.915130;-8.487780;-10.429700;-2.877290;-7.463360;-7.189470;-17.3100;-6.2543;-9.9318;-11.1216;-12.2978;-6.0492;-9.6282;-12.2067
4.000000;-15.068700;-6.496330;-3.520460;-6.932810;-9.158010;-3.364580;-7.966050;-5.058730;-14.7831;-7.3196;-9.0528;-10.4793;-11.9834;-7.2139;-11.4108;-11.0029
4.000000;-16.205700;-5.786050;-7.612350;-9.461530;-11.490100;-2.046060;-8.778850;-6.704100;-16.7170;-7.3876;-9.3768;-10.6662;-14.7854;-3.4913;-10.7508;-8.7170
4.000000;-18.049600;-4.040580;-3.596490;-7.145120;-7.764970;-4.741180;-6.821490;-8.335290;-15.6436;-6.2356;-8.1311;-8.5771;-8.7368;-7.5043;-8.0716;-13.7435
4.000000;-15.250100;-6.582140;-4.896520;-10.294700;-10.011900;-5.486840;-7.814720;-8.828300;-16.8429;-8.2040;-10.7935;-12.0280;-12.3007;-8.6007;-7.6985;-12.9563
4.000000;-16.336700;-6.238680;-6.764540;-11.563800;-10.247100;-6.452350;-8.680370;-10.652900;-16.4960;-10.1980;-9.7587;-13.1837;-11.4559;-7.7981;-12.4199;-11.8889
4.000000;-16.977200;-4.829390;-5.681220;-9.449170;-12.178300;-3.208780;-8.318230;-7.515420;-17.5503;-9.7006;-10.3958;-10.9708;-12.7145;-5.9331;-9.0572;-9.1905
4.000000;-15.532400;-5.373510;-5.808800;-8.138300;-9.606150;-2.021560;-3.542410;-5.229120;-16.8858;-8.7343;-9.7044;-12.6520;-11.0285;-5.4870;-8.5488;-10.3234
4.000000;-19.806900;-7.232710;-5.295130;-8.571570;-8.487330;-2.912980;-6.638570;-8.284260;-16.9815;-7.9445;-8.3734;-10.4822;-11.4641;-7.6561;-8.1137;-10.3427
4.000000;-16.257600;-4.975280;-6.727000;-9.767580;-6.787330;-1.433270;-7.737700;-7.616980;-18.1149;-10.0801;-10.3327;-11.3821;-12.2436;-8.3194;-9.5603;-10.0711
4.000000;-16.611900;-5.759820;-5.646070;-8.426880;-8.214390;-4.590110;-5.722320;-8.607190;-16.5831;-9.1152;-9.4690;-9.0612;-12.6316;-8.6583;-11.5229;-11.2151
4.000000;-15.868000;-4.604190;-4.305990;-8.068130;-8.159790;-3.733800;-5.872740;-6.593080;-15.8800;-9.6860;-8.7251;-11.7069;-9.6575;-7.5058;-12.4070;-11.5763
4.000000;-14.911700;-5.591960;-5.691240;-9.424310;-8.800460;-4.892190;-7.190060;-8.870960;-12.9231;-8.7965;-10.6270;-11.8683;-12.5027;-7.8626;-10.9851;-12.8220
4.000000;-16.078400;-5.046670;-6.850050;-9.466480;-7.251450;-4.888490;-5.739510;-8.307790;-16.8314;-7.1846;-10.6179;-11.9920;-11.4218;-7.6091;-7.6326;-10.6449
5.000000;-15.184500;-11.899400;-8.651020;-6.891290;-2.211600;-4.202380;-4.183030;-7.193460;-16.3347;-13.0534;-15.3503;-9.0833;-5.7284;-2.7260;-6.8708;-9.6743
5.000000;-14.902500;-12.176100;-11.378600;-6.936690;-2.244190;-5.289600;-6.923330;-8.807230;-17.4442;-16.3757;-14.8037;-9.2565;-4.5380;-5.4113;-8.0694;-10.3606
5.000000;-16.269700;-14.426800;-10.942300;-4.625410;-5.633030;-3.570000;-4.883100;-9.179740;-17.5714;-16.7483;-14.1134;-8.5704;-5.7847;-5.4223;-6.7344;-10.7694
5.000000;-14.947000;-15.362100;-11.030500;-5.640900;-4.752820;-3.867520;-5.802160;-8.388460;-16.8345;-12.5681;-13.7136;-7.3334;-4.9346;-7.9286;-10.3433;-10.1220
5.000000;-15.575100;-14.189200;-12.732900;-3.423770;-3.721040;-1.499670;-5.898690;-5.071930;-15.2287;-15.1304;-15.5030;-6.4198;-4.4300;-3.8020;-7.9757;-9.8366
5.000000;-19.307600;-15.347700;-13.096800;-4.304490;-1.945230;-3.930330;-6.470430;-7.026290;-15.1648;-16.4224;-13.4700;-7.0886;-4.0853;-4.3495;-9.7251;-10.1903
5.000000;-16.013500;-12.403800;-11.301300;-3.368510;-1.871560;-3.240600;-6.015070;-7.499000;-18.9645;-15.5833;-12.7645;-7.3305;-3.2083;-6.3452;-10.7681;-11.6434
5.000000;-17.051100;-14.311500;-11.746200;-3.134270;-1.797140;-2.665480;-6.608850;-6.137620;-16.2762;-13.1278;-15.6871;-7.0304;-4.5305;-4.4298;-8.0381;-8.6295
5.000000;-15.076900;-11.793600;-9.582840;-4.617860;-4.325740;-3.871920;-3.962150;-4.626900;-14.1725;-14.2395;-14.4689;-10.3704;-7.9113;-6.7561;-6.2585;-9.3036
5.000000;-15.037400;-12.278800;-10.061400;-6.359750;-4.374240;-1.079720;-3.583550;-4.113410;-14.9747;-15.2232;-14.5813;-10.1420;-8.0009;-5.9077;-6.6911;-10.2116
5.000000;-16.610100;-10.168100;-11.331200;-5.754170;-3.996580;-3.947230;-6.124220;-8.165220;-16.7810;-13.2764;-14.3579;-7.0249;-8.3239;-6.9343;-10.1624;-11.3934
5.000000;-16.965000;-13.324700;-13.206700;-1.964560;-4.760880;-6.242890;-7.108480;-8.474330;-16.7858;-14.3049;-15.7373;-6.7933;-7.6740;-10.2660;-11.9839;-10.8848
5.000000;-15.704600;-13.690400;-11.228100;-3.507370;-4.869750;-5.525080;-5.516950;-6.443230;-17.5087;-16.9037;-12.8718;-5.4094;-6.6552;-7.7428;-9.9855;-11.1190
5.000000;-16.662700;-8.203290;-11.203800;-4.037860;-5.077920;-5.297140;-5.978170;-8.046520;-16.4265;-14.6309;-14.3374;-8.4019;-7.6492;-8.0490;-8.3274;-11.2885
5.000000;-16.773500;-13.177800;-9.632180;-5.436460;-5.331900;-5.236830;-7.418490;-8.045920;-16.1215;-14.7790;-14.5672;-7.7575;-8.2827;-7.9082;-9.2947;-12.1388
5.000000;-15.416900;-12.191700;-12.333700;-2.496110;-6.178900;-7.395360;-9.082140;-8.756340;-14.2709;-15.9000;-14.1125;-5.8312;-7.7568;-8.6630;-9.2835;-14.3262
5.000000;-17.984100;-12.048100;-11.047800;-4.243510;-6.659940;-5.566500;-7.402900;-6.525720;-17.0193;-13.6891;-13.9242;-6.7142;-6.7559;-8.8105;-9.2329;-9.7240
5.000000;-17.071500;-12.115900;-13.102000;-5.399090;-7.459580;-5.700970;-8.824550;-9.660790;-16.4387;-13.3623;-16.6086;-8.6147;-8.0431;-10.2196;-9.3005;-10.8900
5.000000;-16.627000;-13.441400;-12.683200;-1.746210;-1.174770;-3.391660;-5.180860;-10.070100;-16.3581;-16.0212;-18.6526;-5.6100;-4.2194;-6.8881;-9.2920;-9.6767
5.000000;-16.058100;-11.288300;-9.537390;-7.171350;-6.894520;-6.321900;-4.605790;-6.735470;-17.5301;-15.0256;-13.1157;-9.4553;-9.7960;-7.8406;-8.9200;-9.0455
5.000000;-15.641900;-10.896600;-12.619900;-6.771020;-5.073950;-3.805330;-6.859980;-6.833570;-14.3498;-15.5353;-13.3174;-9.7322;-7.7282;-7.5038;-7.7224;-11.0907
5.000000;-16.069500;-13.363300;-10.741900;-4.707450;-5.795180;-6.278950;-4.786620;-5.463530;-15.5949;-14.9638;-14.8331;-6.5705;-6.1419;-6.3517;-8.5384;-10.4197
5.000000;-14.995400;-12.733100;-11.187300;-4.210710;-3.156790;-6.283040;-5.520450;-8.058310;-16.5817;-16.8792;-13.8478;-4.9641;-5.7587;-8.0552;-9.4336;-12.6374
5.000000;-17.503900;-14.746200;-12.017300;-7.884290;-6.127850;-5.455810;-8.629510;-9.356280;-18.2139;-16.3195;-14.0085;-9.4105;-8.2827;-5.9670;-10.6786;-9.8328
5.000000;-15.752700;-12.682200;-12.501000;-3.424110;-6.071010;-3.482280;-7.111300;-6.931930;-17.5876;-15.7026;-15.0963;-9.3669;-9.4447;-6.2965;-9.4214;-12.2657
5.000000;-15.564100;-12.913300;-9.768800;-4.055950;-8.931420;-5.115400;-5.890310;-10.218100;-16.8162;-15.3989;-14.3290;-9.0696;-10.5086;-9.4445;-9.5018;-10.3447
5.000000;-17.313700;-11.298000;-11.793900;-2.023120;-3.003560;-2.625100;-4.167490;-6.920740;-16.6410;-15.0774;-16.5886;-6.2111;-5.6299;-4.1896;-6.0542;-11.1065
5.000000;-14.030400;-10.394700;-8.856600;-4.761030;-4.700860;-3.395700;-4.923460;-7.672850;-13.9559;-15.3465;-12.0947;-7.8041;-6.2166;-4.8583;-6.8919;-8.9705
5.000000;-14.032000;-11.015200;-11.642000;-3.760100;-6.875390;-5.696630;-8.064550;-8.765090;-18.1157;-14.6911;-15.9359;-8.0863;-10.3795;-11.1355;-10.0675;-14.4677
5.000000;-17.538200;-11.617000;-11.477400;-4.556640;-4.304590;-5.952530;-6.315970;-7.209540;-17.0470;-14.2069;-11.5320;-8.3717;-8.4013;-5.6022;-8.7314;-11.4111
5.000000;-16.296600;-12.191100;-11.390800;-4.663620;-2.287660;-2.622210;-4.015410;-5.318550;-17.7099;-14.3501;-14.3993;-6.9197;-6.2453;-3.6272;-7.4490;-10.1993
5.000000;-16.643500;-13.119600;-9.616240;-2.782810;-4.288810;-0.285820;-4.634540;-10.156100;-16.7225;-13.9824;-14.5064;-6.9551;-5.7675;-3.1723;-6.5400;-10.9529
5.000000;-16.191700;-9.589630;-8.631780;-4.268720;-5.733500;-7.173040;-3.894460;-6.549600;-19.5191;-10.6020;-10.1545;-6.4628;-7.6394;-8.2702;-6.7775;-10.8612
5.000000;-16.965600;-11.826100;-10.252100;-2.972170;-2.785430;-5.213540;-4.732750;-7.294910;-15.7997;-14.9034;-11.8242;-6.6492;-8.8072;-3.1684;-7.6808;-8.4645
5.000000;-15.560100;-15.624400;-9.526270;-2.682560;-2.226840;-2.021100;-7.256550;-4.265940;-17.1644;-15.7592;-16.8062;-8.0333;-5.8798;-4.6197;-10.2408;-8.2434
5.000000;-15.532500;-11.632800;-12.053000;-3.559490;-2.711200;-4.353000;-4.935920;-7.396720;-16.3285;-16.8606;-14.0571;-6.3407;-5.3120;-5.2604;-10.4829;-14.6495
5.000000;-16.404700;-12.956800;-10.261900;-3.041110;-6.132830;-5.794610;-5.406730;-9.861860;-18.0132;-14.8851;-12.7233;-4.2834;-7.4958;-8.3617;-11.3672;-12.6852
5.000000;-16.164800;-13.438800;-12.298900;-5.151500;-3.054080;-3.100390;-6.297200;-8.383340;-16.4665;-16.7813;-13.5594;-6.1281;-5.8449;-5.2766;-11.0034;-11.0624
5.000000;-14.786100;-12.895100;-13.635400;-6.346060;-5.187550;-4.192620;-6.152770;-7.494950;-16.1311;-14.4272;-13.4188;-4.4016;-6.9551;-7.6126;-6.0369;-10.4321
5.000000;-16.001800;-11.585600;-10.152700;-3.251290;-3.512210;-1.673330;-7.332020;-6.226510;-17.3720;-14.5030;-12.9352;-6.3688;-4.4013;-6.2086;-8.9638;-7.2290
7.000000;-16.343400;-0.483863;2.364400;-5.411490;-7.305980;-5.281270;-6.371480;-6.052130;-16.3658;-5.2141;-6.2681;-9.1971;-7.8552;-7.7866;-10.7773;-11.5477
7.000000;-14.151900;0.228376;3.668830;-6.803120;-7.676390;-5.254820;-6.263720;-6.676820;-17.8699;-5.2006;-4.7960;-10.6441;-11.3528;-6.1811;-9.6738;-14.0518
7.000000;-16.554200;-1.863660;-0.487262;-6.319060;-6.869400;-5.438480;-5.502740;-7.706560;-16.0333;-5.7267;-7.3156;-10.5505;-10.2622;-7.7947;-9.8277;-10.5405
7.000000;-16.773900;-1.914340;-3.517780;-6.802870;-8.406850;-3.492730;-7.216940;-7.816430;-15.5426;-5.9096;-8.5140;-10.7802;-10.2743;-8.6073;-9.8017;-10.5404
7.000000;-15.421500;-1.847090;-1.863210;-9.007740;-6.849550;-4.490850;-4.661820;-9.344360;-18.0105;-5.4309;-7.6981;-9.0824;-9.9319;-7.5747;-9.4353;-11.7893
7.000000;-17.482200;-1.896230;0.509553;-6.175400;-4.708380;-5.056190;-6.182880;-6.574170;-18.3114;-7.9111;-6.1266;-10.1666;-8.8668;-9.9224;-8.1311;-13.1844
7.000000;-15.080900;-3.678210;-2.757270;-5.573580;-6.499870;-3.874630;-6.753560;-8.928510;-15.9535;-7.4074;-7.2961;-9.1512;-7.5379;-8.9341;-10.2078;-12.4484
7.000000;-18.354400;1.258440;1.811830;-8.145820;-7.352420;-3.642620;-5.841660;-7.068380;-16.6888;-5.6054;-6.3554;-9.5026;-10.5499;-8.3754;-8.8899;-10.6560
7.000000;-17.841400;-1.460530;-3.189240;-6.200840;-7.470790;-4.040230;-6.893510;-7.647970;-17.3997;-5.1208;-6.4931;-10.6963;-10.5900;-8.2786;-8.6458;-10.0347
7.000000;-15.583500;-1.463100;-2.198280;-8.428680;-5.453700;-5.892640;-7.195780;-7.452950;-16.6711;-6.7727;-7.6943;-10.1154;-10.6083;-9.5985;-9.3580;-11.4863
7.000000;-17.520000;-0.672965;-3.327070;-6.838400;-6.572940;-4.851800;-4.981810;-10.260300;-17.2258;-9.2411;-7.5850;-9.0020;-9.6596;-7.3520;-10.0340;-13.0787
7.000000;-16.563200;-6.846570;0.536372;-6.522820;-7.715530;-4.349930;-6.982970;-8.036820;-16.4702;-6.4748;-6.3526;-9.8482;-10.9095;-8.8563;-10.6865;-13.7385
7.000000;-16.183300;-3.318850;-4.785080;-6.473220;-7.923830;-4.627430;-7.317480;-6.505010;-17.6539;-8.8792;-6.6224;-9.0632;-11.2098;-7.2855;-10.0240;-11.0336
7.000000;-16.404100;-2.814490;-1.885790;-4.605390;-6.886320;-5.605970;-6.446330;-7.054270;-16.7632;-8.4895;-5.0818;-10.0922;-9.0762;-7.0742;-9.6016;-12.1285
7.000000;-15.399900;-3.805600;-1.815000;-8.190400;-7.725190;-4.485180;-6.588320;-7.939460;-15.9949;-7.8004;-6.3926;-10.5993;-11.7774;-9.1156;-10.6876;-12.7182
7.000000;-16.857000;-7.608290;-0.506793;-7.799090;-4.922640;-6.130040;-6.881790;-9.183360;-17.3396;-8.7360;-7.4091;-9.4508;-8.4958;-8.7040;-10.0472;-11.4203
7.000000;-16.493100;-6.335970;-2.614250;-6.781070;-5.727310;-4.572790;-7.706360;-8.075380;-17.0989;-7.4447;-5.5654;-10.0083;-10.5807;-7.4594;-10.0574;-10.9864
7.000000;-19.041600;-3.372360;0.736964;-8.736780;-6.761140;-6.638180;-5.256870;-8.476760;-16.6476;-6.9516;-7.1985;-12.1486;-9.5862;-7.1220;-9.6500;-12.1223
7.000000;-15.039400;-2.635170;-3.173390;-8.735220;-8.182480;-4.363270;-10.243300;-7.523470;-15.7490;-7.0775;-10.6790;-9.7576;-9.8562;-9.3640;-10.7082;-11.3019
7.000000;-17.874200;-1.294040;-2.297020;-6.283030;-6.319390;-4.276530;-4.767140;-7.976990;-16.8778;-7.7872;-8.8083;-9.8919;-9.3701;-7.0357;-11.1136;-10.8141
7.000000;-15.688600;2.483520;-0.059267;-5.453050;-6.632290;-6.486520;-6.619370;-5.169560;-16.8503;-3.5921;-5.3066;-9.8494;-11.7543;-8.8160;-8.8250;-9.6261
7.000000;-16.601800;1.576700;-1.703280;-4.653410;-5.955480;-5.087810;-5.512230;-5.791340;-15.1779;-5.6155;-4.4865;-7.6958;-9.7062;-8.1909;-8.0448;-9.6309
7.000000;-15.304900;1.039220;-1.264120;-5.846550;-6.697130;-3.174470;-5.608770;-4.777880;-16.9538;-7.5639;-6.5486;-9.3702;-12.2938;-8.7656;-8.7798;-8.7337
7.000000;-16.199300;-0.931550;-1.906220;-7.027930;-8.044000;-5.319310;-7.280480;-6.523150;-16.3671;-5.0522;-6.1992;-10.0897;-9.5990;-7.4622;-11.6352;-12.1171
7.000000;-14.894000;-2.612570;-4.624490;-7.795800;-8.173300;-4.868720;-8.001710;-7.943520;-16.7773;-3.1881;-5.2889;-10.0678;-12.6487;-8.8178;-10.3181;-8.9795
7.000000;-17.658400;-3.908300;-2.142470;-4.673260;-6.265880;-5.850590;-3.339920;-6.020870;-16.3896;-3.7601;-4.7847;-8.8255;-9.5720;-8.2240;-7.4669;-9.7943
7.000000;-17.631800;-2.207400;-1.370450;-9.581570;-6.733530;-3.889710;-5.098610;-6.337160;-16.5718;-4.4010;-2.9771;-10.8655;-11.7542;-7.4831;-9.2611;-9.1357
7.000000;-15.729200;-2.060170;-3.534350;-4.650790;-6.715790;-1.821930;-8.313900;-6.171280;-15.8071;-6.7908;-8.0385;-8.8186;-13.1898;-2.2807;-12.1664;-10.3876
7.000000;-16.834600;-0.119468;-1.509670;-5.058990;-6.005290;-3.970150;-8.279650;-4.707900;-16.9606;-5.2613;-4.0990;-10.3366;-12.2106;-8.7430;-10.5946;-9.2245
7.000000;-17.043000;-5.728820;-1.883660;-5.610120;-7.611110;-7.088150;-4.104440;-4.638510;-15.7102;-5.1366;-4.5472;-9.9776;-9.6554;-7.6681;-6.0140;-7.7031
7.000000;-17.347500;-1.869720;-2.738400;-5.298120;-6.722130;-6.849300;-3.665520;-5.970770;-17.3849;-5.6641;-6.0959;-9.2902;-10.2170;-9.3314;-4.0467;-9.5142
7.000000;-15.928800;-3.067790;-1.853080;-6.194070;-6.387250;-4.488210;-6.279760;-6.841600;-15.9257;-6.0809;-8.9254;-12.3206;-9.7000;-7.5497;-9.8600;-11.9462
7.000000;-18.071500;-4.784670;-3.566240;-7.391690;-5.890760;-2.980850;-7.998460;-9.935280;-17.6300;-10.2415;-9.0233;-11.2486;-12.7035;-7.8813;-11.3106;-10.4529
7.000000;-16.137400;-2.440350;-2.052970;-8.358200;-7.689480;-4.219080;-5.773610;-8.963130;-16.7875;-7.4513;-7.8560;-9.7401;-9.2763;-8.7629;-11.3269;-10.2414
7.000000;-17.436500;-2.945760;-0.156748;-6.059880;-5.950720;-3.242720;-6.909290;-10.010000;-17.1901;-5.4604;-4.7344;-8.0894;-8.2718;-10.6704;-11.1450;-10.5654
7.000000;-17.009400;-4.284990;-3.819570;-5.828120;-4.839060;-5.185790;-8.006490;-7.209350;-16.6903;-7.0628;-6.2374;-9.8618;-9.5487;-6.5432;-10.3902;-10.6594
7.000000;-15.688400;-5.855260;-3.854440;-6.181880;-5.765920;-5.900670;-7.567060;-6.874490;-16.3978;-7.9692;-7.4134;-9.0520;-10.8298;-9.7859;-10.5776;-9.9822
7.000000;-17.365000;-1.793860;1.356870;-6.469200;-4.826150;-5.205180;-7.825920;-8.155210;-16.6109;-8.3037;-5.6704;-8.0918;-9.2461;-8.4233;-8.8530;-10.9322
7.000000;-17.452500;-1.963770;-0.188081;-5.602670;-7.355100;-4.847520;-5.580710;-9.467020;-16.9323;-8.7119;-6.5479;-9.6259;-11.1447;-6.8331;-8.3964;-12.4083
7.000000;-17.248700;0.541326;-2.782820;-7.704450;-5.959520;-4.108180;-8.548390;-10.870400;-15.6651;-6.2274;-7.4980;-10.1336;-11.2176;-9.1903;-12.6991;-10.8249
7.000000;-15.580800;-0.906361;-3.049590;-6.406660;-8.131490;-5.351940;-6.417150;-8.120810;-16.6950;-5.2713;-4.0100;-9.4567;-9.7213;-8.4341;-9.7858;-10.5005
7.000000;-15.689200;-3.670740;-1.619560;-7.215870;-7.309620;-5.053830;-5.746720;-7.416120;-16.5980;-8.0762;-4.8798;-11.3987;-9.6629;-9.2810;-8.8576;-12.5156
7.000000;-17.551400;-1.231160;-1.850810;-6.295760;-7.497070;-2.351660;-6.234290;-8.224020;-15.6014;-8.7194;-6.4885;-8.4548;-9.6201;-9.0371;-9.8524;-12.8468
7.000000;-16.830500;0.858542;4.723180;-7.606780;-7.288690;-5.546730;-3.953000;-7.976220;-15.8925;-8.4873;-8.3710;-10.0048;-8.6922;-7.6453;-8.2716;-11.5572
7.000000;-18.822900;-1.565710;-0.767250;-7.401200;-5.240080;-3.085510;-6.613740;-6.591390;-15.1430;-6.7969;-7.4065;-8.8195;-9.6144;-6.2408;-8.7602;-10.9046
7.000000;-17.652200;-2.386550;-2.617010;-7.039770;-7.211680;-2.799790;-4.316580;-5.946130;-16.0668;-5.6255;-7.6242;-9.0916;-10.8424;-6.9491;-9.2939;-11.9574
7.000000;-16.094500;-2.698180;-4.369180;-6.287980;-6.092190;-4.876260;-8.470850;-6.952740;-17.5405;-7.0807;-7.6172;-9.5201;-9.3664;-8.5966;-9.6933;-10.7915
7.000000;-16.418500;0.746424;1.592170;-5.002560;-4.112520;-1.646290;-8.353340;-6.560070;-14.9129;-6.7523;-6.3295;-8.9217;-10.7987;-7.2934;-9.2522;-11.5864
7.000000;-15.479700;-1.162290;2.174930;-8.659390;-7.185900;-2.081090;-8.352480;-9.311160;-15.3092;-5.5500;-8.2587;-9.7272;-10.8457;-8.3812;-9.8494;-9.7043
7.000000;-17.315500;-3.511370;-1.156840;-6.425510;-6.106900;-4.094310;-6.650650;-7.309410;-17.1998;-7.5336;-7.8251;-9.0884;-10.0900;-8.0878;-10.7127;-13.8794
7.000000;-13.990900;0.953463;1.432820;-6.346270;-8.910650;-6.057980;-6.669940;-6.587260;-18.1590;-4.2927;-5.7102;-9.0001;-11.2618;-9.3552;-12.4584;-11.2034
7.000000;-14.739400;-4.135760;-3.455630;-4.361340;-5.411930;-5.826840;-5.205690;-7.273520;-17.3413;-7.9315;-5.6247;-9.3085;-10.3553;-7.5274;-6.4551;-9.1519
7.000000;-16.308200;-0.543606;0.250227;-5.726240;-9.132150;-5.419230;-6.219350;-5.418180;-15.0773;-5.3391;-5.1379;-10.0530;-9.4588;-8.6650;-8.5083;-9.1703
7.000000;-15.602000;-2.960850;-3.838340;-8.190350;-9.559380;-1.464870;-5.164170;-5.157160;-16.5260;-7.3878;-7.3864;-11.2516;-11.2326;-4.5990;-8.3918;-9.8823
7.000000;-16.440700;-1.927470;-2.115180;-6.394450;-8.273990;-3.382110;-8.538640;-4.534450;-15.1490;-5.3842;-6.4676;-11.3229;-11.2452;-4.5876;-9.4069;-10.0122
7.000000;-18.701200;-1.821560;-1.670980;-4.897270;-5.402050;-4.935220;-2.266060;-4.897420;-17.0193;-4.6645;-5.2582;-7.7433;-9.9646;-7.2790;-3.1900;-13.6449
7.000000;-16.367000;-1.623570;-2.229350;-4.159790;-6.888340;-2.763890;-4.784020;-6.765090;-17.9776;-4.9949;-6.3981;-7.9304;-10.3623;-6.6777;-6.4046;-11.1653
7.000000;-15.129100;-3.530320;-1.328440;-7.732930;-8.538720;-3.915780;-8.256330;-6.757530;-15.3299;-7.0807;-6.1307;-9.2423;-8.9713;-7.8930;-11.1442;-12.4904
7.000000;-18.891700;-2.991330;-6.695910;-7.964390;-6.525170;-2.733580;-8.132140;-6.855750;-16.1845;-9.4432;-6.4158;-9.8600;-9.3309;-9.9618;-10.0539;-11.1948
7.000000;-14.200100;0.817177;0.444744;-6.162080;-5.792630;-6.627190;-6.369160;-6.043560;-14.5002;-4.7416;-6.0462;-8.2579;-11.3997;-9.8856;-10.2245;-9.9951
7.000000;-16.607500;0.478542;-0.839509;-6.373870;-8.577170;-6.302840;-6.344060;-5.945340;-18.6455;-7.1354;-5.4857;-9.5947;-10.1912;-11.1862;-7.3002;-9.2818
7.000000;-14.631400;-0.324570;-2.126570;-7.978660;-8.215110;-6.103680;-7.293010;-6.536460;-15.0733;-5.7872;-4.8568;-10.1261;-10.0807;-8.4417;-11.7688;-12.6991
6.000000;-2.741200;-5.625850;-7.315040;-8.273470;-11.266700;-2.728220;-6.079220;-6.907190;-9.5832;-7.8054;-8.2209;-11.2838;-11.7903;-7.2251;-9.5273;-10.7400
6.000000;-6.073030;-3.917950;-6.960130;-10.930200;-5.211400;-3.978710;-10.782000;-8.198850;-9.2180;-9.8587;-8.6467;-11.7703;-11.8161;-7.6784;-11.4414;-9.5654
6.000000;-4.832690;-5.485560;-5.343810;-7.005120;-6.134020;-5.055500;-6.279760;-8.611310;-8.2778;-9.0432;-10.5674;-10.1329;-10.0115;-9.3108;-9.9520;-12.5193
6.000000;-2.629150;-3.554840;-8.019600;-6.768210;-8.575760;-0.313090;-7.378420;-8.163150;-7.3323;-8.6272;-10.9934;-11.0563;-12.2322;-3.3408;-12.5123;-10.6906
6.000000;-6.218420;-5.130190;-9.323630;-9.406350;-9.471620;-0.821729;-7.522870;-5.844480;-7.1473;-9.5289;-8.8257;-12.7550;-11.1082;-3.8032;-9.5860;-9.1515
6.000000;-3.467340;-5.805100;-7.185520;-8.227600;-3.975360;-1.023430;-4.579740;-6.501580;-4.9455;-8.5791;-10.2300;-10.9767;-8.4901;-3.4530;-8.3308;-9.6805
6.000000;-8.268900;-5.877880;-9.612500;-7.159640;-5.418680;-3.358720;-4.445770;-7.775470;-11.1897;-10.5454;-11.2235;-11.7871;-6.9787;-6.4839;-7.8480;-12.4098
6.000000;-5.549640;-5.984100;-9.298090;-4.096960;-5.896280;-3.351920;-7.302680;-4.750360;-7.0944;-10.1461;-10.1695;-7.8567;-4.4785;-3.7028;-9.0082;-9.0917
6.000000;-3.108190;-7.135400;-7.465760;-8.226530;-5.339960;-4.410010;-4.147480;-8.597260;-6.6499;-10.4774;-10.7328;-10.1757;-7.0277;-7.1980;-9.8777;-12.2062
6.000000;-5.577630;-7.640160;-10.730100;-8.057240;-5.334320;-3.982410;-6.041840;-6.961270;-11.3835;-12.3879;-11.8740;-12.2633;-8.8508;-5.0854;-10.7922;-10.1798
6.000000;-10.100100;-8.006540;-8.440530;-6.064760;-3.998900;-2.839290;-6.113340;-6.942950;-13.0175;-12.1515;-12.6725;-10.2842;-10.6343;-8.4395;-8.5289;-10.2271
6.000000;-3.126700;-6.362270;-10.738000;-10.079500;-9.399400;-1.678700;-5.373470;-6.891130;-6.3848;-9.2638;-11.4910;-13.5897;-12.0072;-2.8288;-9.0332;-11.1467
6.000000;-9.293750;-6.922460;-6.276470;-9.737060;-10.623000;-8.024920;-11.536600;-10.628700;-12.1291;-9.3207;-13.2980;-12.2842;-11.7435;-9.5138;-10.5147;-10.8430
6.000000;-8.237700;-9.961010;-7.759870;-10.279300;-11.789100;-6.531220;-9.123270;-9.555450;-9.8425;-11.2211;-9.6030;-14.9508;-12.8373;-6.1389;-11.6585;-11.5175
6.000000;-4.227170;-1.960000;-7.497380;-5.447590;-5.953310;-3.502470;-6.868860;-8.195660;-10.7941;-6.9704;-8.7965;-12.0160;-12.0276;-8.2800;-10.1084;-12.3668
6.000000;-1.743230;-4.026010;-3.855580;-5.827740;-6.595720;-5.275020;-6.665160;-8.418750;-7.0437;-9.4992;-11.9631;-10.5861;-9.4437;-7.7817;-9.1845;-10.1842
6.000000;4.125490;0.581379;1.546370;-6.378560;-4.309020;-3.787470;-3.507330;-7.293840;-2.1400;-4.0236;-3.6582;-10.1820;-9.8671;-7.1606;-8.3274;-8.0693
6.000000;-0.206882;-1.650790;-0.067151;-4.996720;-5.175730;0.391134;-4.087990;-2.296440;-3.5727;-5.0609;-3.4276;-11.9311;-10.3367;-4.5159;-8.8564;-8.9909
6.000000;-1.902340;-0.259281;1.843500;-1.162900;-4.656850;0.887641;-3.905470;-3.549840;-6.5021;-5.1148;-4.5896;-12.2784;-11.0447;-5.5592;-9.7906;-12.2919
6.000000;-2.818010;-1.597950;0.636499;-0.234663;-4.842030;-0.690856;-6.053360;-2.646130;-5.7031;-3.9701;-4.0521;-8.8418;-11.0981;-7.2704;-8.1406;-9.2192
6.000000;-5.899870;-5.456510;-6.367830;-5.984980;-4.268560;-6.878550;-5.205830;-6.060730;-9.1598;-9.0583;-9.0692;-8.6320;-8.5277;-8.6324;-5.8882;-8.7592
6.000000;-3.574860;-4.885570;-5.598200;-7.578850;-8.415280;-5.501220;-7.880940;-7.799450;-9.7743;-7.5516;-9.3038;-9.1325;-8.4780;-8.5308;-10.6826;-9.7910
6.000000;-3.120600;-4.048360;-7.974150;-8.254150;-11.100700;-6.630350;-7.018980;-7.487920;-8.2830;-6.4395;-9.6640;-9.8067;-12.5546;-8.4271;-11.4045;-12.3282
6.000000;-5.413450;-4.693330;-4.932920;-8.440530;-7.425300;-5.570450;-8.044140;-7.582220;-9.2348;-9.2508;-10.0570;-13.5173;-12.2251;-9.5501;-10.9380;-10.1658
6.000000;-2.845890;-0.004640;-0.328960;-5.768670;-6.814600;0.391226;-2.519540;-0.899688;-8.9013;-5.6920;-4.9379;-13.8085;-12.1896;-5.8048;-6.1775;-6.7687
6.000000;-8.250500;-6.187660;-7.345630;-5.369780;-6.979730;0.052188;-3.076460;-1.493220;-8.3858;-6.5709;-10.1632;-11.0696;-14.0806;-4.9746;-8.0331;-4.4435
6.000000;-3.370930;-6.362320;-7.208200;-10.267500;-7.875520;0.232758;-12.161300;-9.665010;-7.3952;-10.7152;-11.0790;-13.8300;-14.3391;-3.4050;-11.6859;-13.2088
6.000000;-2.243580;-6.028480;-7.312470;-12.713100;-9.193080;-5.916190;-6.911090;-7.744270;-6.7745;-7.2094;-11.1398;-11.3542;-10.5558;-8.3955;-10.4259;-12.0291
6.000000;-6.259290;-5.245330;-8.031130;-8.050990;-9.444840;-0.942651;-7.220490;-4.397300;-8.7212;-9.4088;-10.4089;-12.8480;-12.2758;-5.1112;-12.2087;-10.9832
6.000000;-4.287550;-7.363890;-5.068510;-9.415850;-10.245400;-2.540370;-10.078700;-5.672100;-6.4666;-8.9330;-7.6414;-12.9246;-14.1052;-1.9876;-11.2141;-10.3723
6.000000;-2.118350;-3.040860;-5.868950;-8.781180;-7.508500;-4.381700;-5.397060;-5.436940;-8.0640;-7.7022;-7.6762;-10.7134;-9.4186;-7.1901;-9.9938;-10.2646
6.000000;-2.306450;-4.341400;-5.439450;-8.453470;-7.811150;-4.791010;-7.436070;-6.255280;-9.0359;-9.1492;-7.6009;-10.6128;-12.3994;-6.4444;-8.4246;-8.3800
6.000000;-7.265670;-5.046160;-7.934410;-10.908300;-9.376810;-6.533700;-8.714340;-7.758600;-13.1249;-9.5622;-11.0474;-15.8005;-11.6147;-9.9793;-10.4726;-11.8352
6.000000;-7.771570;-6.739660;-7.101400;-9.769760;-11.101900;-4.962300;-8.741310;-7.167470;-10.8096;-12.4656;-11.9449;-12.3996;-12.1495;-11.2880;-12.0599;-12.4185
6.000000;-7.904120;-6.018310;-7.580840;-10.863500;-10.230900;-6.392760;-10.821900;-7.945310;-11.1638;-8.0062;-11.1644;-10.5239;-11.9341;-9.7082;-12.6302;-10.1449
6.000000;-0.805476;-1.032960;-5.055420;-7.388610;-8.155640;-3.742880;-7.852540;-9.721280;-10.3585;-8.7098;-9.7251;-9.5969;-10.4969;-7.2354;-11.6407;-11.6200
6.000000;-2.376310;-5.237630;-5.833750;-8.015750;-5.867420;-3.403710;-6.741720;-8.683760;-8.9951;-9.8606;-9.3348;-10.9590;-10.9132;-8.9494;-11.6199;-10.9499
6.000000;-2.840770;-5.307340;-5.961870;-4.680130;-5.614890;-3.009410;-6.026240;-7.873280;-5.9874;-9.8717;-10.1776;-6.4774;-10.1488;-5.2247;-9.8453;-9.4084
6.000000;-5.393290;-6.353630;-10.952300;-9.077000;-8.990460;-2.648810;-7.713870;-8.399600;-7.7896;-9.6311;-11.1567;-13.8080;-12.5432;-3.0011;-10.9188;-10.4662
6.000000;-4.924180;-5.392280;-7.573430;-9.298730;-8.827050;-1.227600;-6.841290;-6.849620;-6.7559;-10.9177;-11.3020;-14.9417;-9.8344;-4.6119;-8.3353;-10.8867
6.000000;-2.134590;-4.739130;-8.834420;-9.080600;-4.503800;-2.075920;-3.522950;-6.753480;-3.7788;-10.0618;-11.4388;-13.3603;-9.4444;-3.9390;-7.7545;-11.4521
6.000000;-6.432690;-8.939390;-9.690680;-7.171730;-5.153350;-4.688290;-6.442890;-8.247630;-10.1077;-11.0127;-12.1699;-10.8364;-8.8972;-6.1651;-8.3960;-10.5910
6.000000;-5.474910;-6.786510;-9.118830;-5.777470;-3.600320;-1.110610;-8.520370;-7.833080;-7.1377;-9.0627;-12.1852;-9.6752;-7.4229;-5.7275;-10.1885;-11.7202
6.000000;-8.002790;-7.079260;-7.679540;-6.703660;-4.576600;-4.484620;-4.995190;-5.821570;-6.4664;-9.3053;-13.7066;-9.9946;-8.5200;-9.1410;-10.6468;-10.4523
6.000000;-7.808490;-6.321710;-8.671460;-5.866910;-3.634250;-1.715650;-6.797530;-8.658280;-9.1191;-10.5247;-12.0594;-8.0462;-7.8557;-6.1664;-7.2768;-9.2943
6.000000;-5.129660;-6.994130;-9.504390;-7.462990;-4.906660;-1.740050;-6.840550;-8.020470;-4.3875;-9.8738;-11.0618;-9.5941;-8.9298;-3.6795;-10.7398;-9.5806
6.000000;-10.195800;-9.597750;-9.174730;-10.427900;-4.496820;-3.190770;-7.630140;-7.665200;-10.5056;-12.0366;-10.9133;-9.7246;-5.9638;-3.7977;-9.6967;-9.6398
6.000000;-4.544190;-4.305900;-8.828160;-7.968490;-8.637730;-4.100920;-5.955270;-7.010680;-6.3054;-8.7882;-9.3726;-12.3798;-11.8663;-4.8954;-9.1132;-10.9963
6.000000;-8.218240;-6.017150;-10.054300;-10.048300;-6.439050;-4.125870;-2.319360;-9.024420;-11.0791;-10.1088;-10.0755;-13.2915;-8.3389;-6.5166;-9.1139;-10.1589
6.000000;-8.333640;-7.153500;-9.260010;-5.192040;-4.954580;-1.929620;-6.958980;-7.887380;-10.3232;-9.8491;-11.0251;-9.3026;-5.5068;-6.8342;-9.4936;-11.2320
6.000000;-5.726100;-7.600500;-9.109980;-12.587200;-8.065430;-3.502270;-9.326420;-7.812560;-9.8011;-10.0758;-13.7462;-12.1833;-11.6392;-6.4960;-12.0878;-11.1174
6.000000;-7.627530;-5.856800;-6.627100;-12.247500;-8.037390;-5.328620;-9.779610;-6.423020;-8.8572;-8.0911;-9.4846;-14.0448;-11.1637;-10.1422;-9.7574;-10.7454
6.000000;-2.071710;-5.093630;-6.407440;-10.448100;-9.937390;-1.907820;-10.794600;-5.790050;-6.8413;-12.0038;-7.7522;-13.0620;-12.4523;-3.5790;-14.2353;-10.6713
6.000000;-3.179900;-3.709740;-5.647210;-8.961810;-8.312000;-2.917990;-5.071130;-7.534560;-6.8915;-9.2290;-9.2006;-11.3295;-10.1204;-5.0193;-9.2925;-11.2196
6.000000;-5.694110;-4.580930;-7.056620;-9.034020;-7.536930;-1.611360;-9.864430;-6.351240;-5.6436;-6.6678;-7.4915;-10.8902;-11.8849;-3.5270;-10.1670;-9.7927
6.000000;-2.729480;-3.262730;-5.508990;-6.494190;-6.383360;-3.862490;-3.766700;-4.135700;-5.8377;-5.4842;-9.9023;-9.6346;-11.8676;-6.4727;-6.9240;-11.4227
6.000000;-3.597790;-5.300650;-6.464690;-8.282720;-10.748800;-3.010160;-9.484070;-5.940780;-4.0734;-7.5122;-11.2691;-10.1646;-10.6739;-4.1513;-11.4335;-10.7911
6.000000;-8.602920;-6.494700;-8.044830;-10.523700;-9.994540;-8.815860;-9.289460;-9.538480;-10.6608;-11.7376;-10.6470;-11.8041;-13.3054;-9.2576;-10.8371;-11.8645
6.000000;-7.648070;-4.382390;-4.848520;-9.756870;-9.250350;-0.785382;-6.522440;-4.701030;-6.3808;-6.1152;-6.8860;-12.4973;-11.5565;-3.7181;-10.7898;-10.5197
6.000000;-3.255590;-2.469990;-2.732100;-7.419640;-6.695160;-4.422140;-5.010170;-3.532910;-8.4647;-8.3017;-8.3895;-9.7432;-11.0888;-4.9778;-9.6543;-10.8265
